company_id,company_name
146,Handmade Films Ltd
491,Summit Entertainment
1382,PolyGram Filmed Entertainment
13419,SKA Films
21920,The Steve Tisch Company
8411,MetroGoldwynMayer MGM
84825,MMM Film Zimmermann  Co
19237,Von Zerneck Sertner Films
12,New Line Cinema
33,Universal Pictures
1156,Conundrum Entertainment
19177,Red Granite Pictures
1311,The Asylum
38857,Orenda Films
12977,Black Camel Pictures
15634,Vitagraph Company of America
1221,Gainsborough Pictures
118,Det Danske Filminstitut
806,Tlfilm Canada
thjof Film id 7048,Fr
64899,Make A Move
22123,TF1
43,Fox Searchlight Pictures
4205,Groundswell Productions
10530,Alternate Ending Studios
2612,Les Productions du Trsor
5,Columbia Pictures
9,Gaumont
1394,Black Forest Films
7777,Slot Machine
20008,CMW Films
35558,Eddie Saeta SA
39339,4L
2683,Rai Cinema
15080,Achab Film
22217,Wiseacre Films
28935,Emergency Exit Pictures
18682,Out of Towners Productions
1632,Lionsgate
5420,Color Force
6194,Warner Bros
9385,ZRF Syrena
6033,Paramount
4787,Gico Cinematografica SrL
61682,Regal Film
3213,Disney Channel
373,Asymmetrical Productions
635,Les Films Alain Sarde
636,Babbo Inc
637,The Picture Factory
5358,Canal
4595,Negativ
6191,Falcon
92606,Cestmr Kopeck
92607,Czech TV Brno
6092,LichtMueller Film Corporation
18880,Showtime Networks
12389,Les Films Pellas
76,Zentropa Entertainments
15606,Jaguar Productions
3473,William Goetz Productions
3467,Three T Productions
6453,Studio Trite
9342,Central Partnership
19126,VGTRK
76043,Revolution Sun Studios
77594,Vserossiyskaya Gosudarstvennaya Televizionnaya i Radioveshchatelnaya Kompaniya VGTRK
3915,Dean River Productions
306,Twentieth Century Fox Film Corporation
313,TS Productions
36079,France 3 FR3
1789,MM Productions
11,WingNut Films
14,Miramax Films
294,New Zealand Film Commission
2306,Fontana Productions
6,RKO Radio Pictures
874,Cina
3245,First National Pictures
6962,CNC
11547,Ancine
51399,MPM Film
53812,Taiga Filmes
65091,Programa Ibermedia
77176,CEPA Audiovisual
93204,Bonfilm
420,Marvel Studios
4780,Hesperia Films SA
8485,Ultra Film  Sicila Cinematografica
441,Columbia Pictures Corporation
46059,ItaloJudeo Productions
46060,BillPhillips
14914,HBO Documentary
62702,Whyaduck Productions
4,Paramount Pictures
75555,Enaproc
75556,Films Domireew
75557,Films Kajoor
455,Permut Presentations
10308,Dino De Laurentiis Company
3653,Eros International
429,DC Comics
2785,Warner Bros Animation
4811,Warner Premiere
798,Samuel Goldwyn Company
383,Goskino Productions
254,Pandora Filmproduktion
3096,Tyler Perry Company The
508,Regency Enterprises
644,Alcor Films
37265,Fron Film Production
13839,Metafilms
3623,Kazakhfilm Studios
71333,Mount Helix
15326,GruziaFilm
119,Danmarks Radio DR
850,Eurimages
851,MEDIA Programme of the European Union
3221,Sveriges Television SVT
7446,Svenska Filminstitutet SFI
8555,Nordisk Film  TVFond
74636,Film Vst
7493,FilmNation Entertainment
10892,Everest Entertainment
856,Wild Bunch
1926,Les Films Du Fleuve
7281,British Film Institute BFI
8147,Entertainment One
12695,Sixteen Films
15130,Urania Pictures Srl
17387,Jeonwonsa Film
94,ARTE France Cinma
1249,Les Films du Lendemain
28182,Dream Author
162,Bayerischer Rundfunk
608,Dor Film Produktionsgesellschaft GmbH
3391,sterreichischer Rundfunk ORF
235,Nordisk Film
1972,XFilme Creative Pool
7025,Westdeutscher Rundfunk WDR
641,Titanus
642,SGC
643,Socit Nouvelle Path Cinma
10932,The Criterion Collection
537,Universal TV
3535,Associated London Films
142,Silver Films
5488,Fox Film Corporation
1542,Como Film
12508,Studio Hranch Filmov Bratislava
9181,Art Theatre Guild
13246,Gendai Eigasha
1639,Les Films Jacques Leitienne
1702,Medusa Produzione
2185,National Cinematografica
4269,Nuova Dania Cinematografica
5001,Conacite Dos
9195,Touchstone Pictures
9182,Sozosha
1527,Les Productions Jacques Roitfeld
64379,Babylone Films
84240,Luso Films
84241,CiLe Films
310,Centre National de la Cinmatographie
5982,Bioskop Film
10845,Lenfilm
12784,Orient Express
12785,Roskomkino
45867,Star Film Company
7159,StarFilm
3033,Asmik Ace Entertainment
5798,Shaw Brothers
8011,Producciones ASH Films SA
12625,Canal Espana
31125,Antena 3 Televisin
38972,Daiwa Building
104,Canal Plus
1701,Dania Film
10000,Compagnia Cinematografica Champion
4799,Eurocin
56,Amblin Entertainment
20448,UDrive Productions
645,Imar Film Co Ltd
33634,China 3D Digital Entertainment
10588,Colony Pictures
Eick Productions id 3585,Dav
7534,RD TV
249,Socit Nouvelle de Cinmatographie
1818,Tritone Cinematografica
15868,Medusa Distribuzione
2508,Cinegai SpA
646,DAntoni Productions
73950,SchineMoore Productions
18758,Edison Manufacturing Company
38573,Barbara Moorse Workshop
ge Films id 650,Br
60762,Carlo Ponti Production
39987,Playboy Entertainment Group
56520,Entertainment Events
634,ABC Pictures
7445,Cinematograph AB
14185,Canadian Film Centre CFC
64572,StepFilms Inc
64574,Feature Film Project The
6844,Thelma Films
2,Walt Disney Pictures
6125,Walt Disney Animation Studios
13932,Luiz Carlos Barreto Produes Cinematogrficas
76566,Regina Filmes
93188,Condor Filmes
60,United Artists
ney id 35990,AnsarkS
6584,Gemini Films
7529,Wanda Films
11143,Madragoa Filmes
10640,Shochiku Ofuna
2320,UTV Motion Pictures
1679,Lux Film
68461,Ora Film
39061,PFM Pictures
17837,RCR Media Group
23647,La Sept Cinma
40668,Studio AdamEve
40669,Les Films du Rivage
41,Orion Pictures
651,Breathless Associates
652,Miko Productions
33314,Studio Kino
1971,Action International Pictures
882,Toho Company
22036,185 Trax
22037,7th Sense Films
1274,Clinica Estetico
1422,Killer Films
11351,HartSharp Entertainment
840,Lawrence Gordon Productions
1302,Davis Entertainment
1885,Silver Pictures
5263,Amercent Films
5264,American Entertainment Partners LP
14275,Raymond Productions
5247,Possible Films
66209,eleven55 Films
9281,Tai Entertainment
6507,MezhrabpomRus
494,AVCO Embassy Pictures
8403,Bandito Brothers
1432,Republic Pictures
4330,Horipro
6755,Nippon Television Network Corporation NTV
6999,Kodansha
859,Saga Film
2208,RTLTVi
14901,Anker Productions Inc
562,Appian Way
14654,EMJAG Productions
23243,Sikelia Productions
17102,Peter Walker Heritage Ltd
18066,Utopia
10427,Open Road Films
10808,Overnight Films
11005,AR Films
11006,Aldamisa Entertainment
13241,Demarest Films
14358,1821 Pictures
25608,Quick Draw Productions
4395,Monogram Pictures
75567,Amaru Films
a cinematografica id 73,F
12767,PAC
17619,Atlas Film
3287,Screen Gems
15980,Incorporated Television Company ITC
16710,Lord Grade
92312,Jack Wiener Production
23496,Les Films de lAnge
7954,Filmwerks
21437,Imperial Entertainment
126,Lakeshore Entertainment
22512,Arlington Road Productions Corporation
22513,Gorai  Samuelson Productions
22514,Samuelson Productions
12727,GRP Cinematografica
70305,Cinestampa Internazionale
1138,Filmways Pictures
17069,Larco Productions
16934,View Askew Productions
105,Ciby 2000
955,Nikkatsu
5993,Curb Entertainment
22290,Bergman Lustig Productions
2995,Atmosphere Entertainment MM
10405,EmmettFurla Films
11761,Mark Canton Productions
31832,Envision Entertainment
36212,Boies  Schiller Film Group
ge Entertainment id 46961,Knightsbr
3137,Jaleo Films
24017,Andy Joke
24018,Paloma Juanes
2073,Kadokawa Pictures
7036,CJ Entertainment
6417,Film i Vst
591,France 3 Cinma
1610,CED Productions
7576,Eon Productions
10761,Danjaq
875,Films A2
37246,Films de la Demoiselle
37249,La Fabrique
168,Jadran Film
14925,Howard Productions
28205,Samuel Goldwyn Company The
10593,Wrather Productions
5070,Shchiku Eiga
800,Wheel Productions
2852,CCCP
7850,Sciapode
11687,Le Fresnoy Studio National des Arts Contemporains
22484,Ultima Vez
654,South Pacific Pictures
25,20th Century Fox
1644,Largo Entertainment
4248,JVC Entertainment Networks
3848,Chimichanga Productions
21201,Music Link Productions
21235,MacDonaldMurray Productions
69395,Cinemanila
183,Le Studio Canal
620,Centropolis Film Productions
75620,JTP Productions
eo id 75621,13th Dimensional V
662,TurmanFoster Company
18582,Bert I Gordon Productions
559,TriStar Pictures
659,London Film Productions
660,British Lion Film Corporation
34317,Trinity Productions
661,Nouvelles ditions de Film
3166,Walt Disney Productions
16685,United Artists Pictures
15567,Boyana Film
74743,Sofiya
9015,Worldview Entertainment
2608,Happy Madison Productions
7431,Sony Pictures Entertainment SPE
1988,Epic Productions
13999,Avon Productions II
48791,Imperadio Pictures Ltd
12357,Oxymoron Entertainment
12358,Mallick Media
1212,Empire Pictures
2370,Merchant Ivory Productions
44751,Vision Associates Productions
Company id 44752,Lisa and Dav
2230,MGM Television
3902,CBS Entertainment Productions
9027,Hallmark Hall of Fame Productions
4639,Arzu Film
a Film id 42712,F
7139,Thirupathi Brothers
288,BBC Films
7352,Gunslinger
21627,Film London
21628,Microwave Film
21629,Aimimage Productions
76705,Jones Programming Partners
3681,Gorky Film Studio
1,Lucasfilm
38,Zesp Filmowy TOR
1245,Tlvision SuisseRomande
73820,Frontera Films SA
1647,PM Entertainment Group
500,Goldcrest Films International
502,International Film Investors
664,City Film
5405,Roy Andersson Filmproduktion AB
6916,Arte France Cinma
11011,Fonds Eurimages du Conseil de lEurope
11237,ZDFArte
17298,Centre National du Cinma et de Limage Anime CNC
20691,Essential Filmproduktion GmbH
22627,Film und Medienstiftung NRW
25522,Socit Parisienne de Production
38957,4 12 Film
46201,Norsk Filmfond
74257,Finition Productions
7270,Opus Pictures
11345,Stillking Films
21122,SnowPiercer
34725,Moho Film
35411,Mediarts
35412,Hemmings
4056,Hallmark Entertainment
10102,Cattleya
22393,Babe Film
5324,Brigada
4899,Allegro Films
10399,Cinetel Films
30571,Westwind Productions Inc
78056,Belgrave
10917,Jerry Wald Productions
10445,Nihon Eiga Shinsha
14145,Little More Co
5409,Bing Crosby Productions
19653,Sine Olivia
5120,Mosfilm
21243,Kurier
48081,Ministry of Culture of the Russian Federation
574,Lightstorm Entertainment
665,Hochschule fr Fernsehen und Film HFF
5444,Mod Producciones
8111,Apaches Entertainment
9329,The Vitaphone Corporation
69142,Manhattan Productions
225,BIM Distribuzione
707,Matador Pictures
744,Diaphana Films
1898,Brd Scannn na hireann
2274,Element Films
2452,UK Film Council
3012,Path Distribution
5267,Irish Film Board
7680,Tornasol Films
12696,Regent Capital
19929,EMC Produktion
19930,Cinart
19931,TV3 Television Network Ireland
19932,Filmcoopi Zrich
19933,Oil Flick Films No2
14701,Mayflower Pictures Corporation
4203,Elton Productions
9266,American International Pictures AIP
20740,Merchant Ivory Productions
52011,The Wild Party Production Company
932,Mirage Enterprises
5870,Studio Canal
10163,Working Title Films
1795,Corona Filmproduktion
10475,Cemo Film
15404,Eguiluz Films
9996,Syncopy
4080,Zed Filmworks
10246,Cross Creek Pictures
18144,Vertebra Films
37366,PS 260
22057,Zen Films
15346,Boxoffice International Pictures BIP
27,DreamWorks SKG
415,Laurence Mark Productions
667,IFMD Ltd
13323,Little Bird Productions
13973,Regal films
669,Reposado Producciones
11737,Antena 3 Televisin
12010,Mediapro
14665,Sequoia Productions
10652,Shochiku Kinema Kamata
68154,Hutch Films LLC
68155,The Talking Pictures Company LLC
14408,RD Banshai  Co
139,LJ Film
685,Cineclick Asia
11554,Korea Pictures
11555,Cinesoul
11556,Mirae Asset Capital
11557,Muhan Investment
5996,BBC
42604,Australian Broadcasting Corporation ABC
87674,Hark Film
7894,Arena Productions
18970,Avalon Productions
1591,Rhino Films
13195,Such Much Films
10282,Silver Screen Partners IV
10623,Pretty Mouse Films
15263,Normandy Productions
37046,Georges Mlis
33398,First Floor Productions
12009,Elas Querejeta Producciones Cinematogrficas SL
7164,TMS
23036,CEO Films
23038,Laguna Entertainment
588,Mitteldeutscher Rundfunk MDR
6371,Unstoppable Entertainment
23529,Medient Studios
23530,Big Yellow Films
37,Gramercy Pictures
230,Boje Buck Produktion
11081,A Company Filmproduktionsgesellschaft
4645,2T Produzione Film
16135,Globe Film
20568,PansInteropa
18078,Fantastic Films
23457,MPI Media Group
23459,Tailored Films
Entertainment id 23460,Sol
22146,Black Bear Pictures
1490,Kintop Pictures
7294,Reliance Entertainment
7295,Relativity Media
7437,IM Global
34077,Film 360
36353,E Stars Films
12085,Tarquinia Cinematografica
12086,Tarquinia Film
40325,Periscope Pictures
22957,RainCity Productions
22958,SC Entertainment International
11424,Fernando Trueba Producciones Cinematogrficas SA
584,Norma Productions
18312,Halburt Productions
29248,palo Films
7343,Etb Euskal Telebista
37536,Gaurko Filmeak
7,DreamWorks
1069,GFT Entertainment
12886,New Crime Productions
40329,Childs Will Productions
10210,Morgan Creek Productions
e Angle Creations id 20761,W
44227,IN Entertainment
18138,Playfilm Productions
189,ARP Slection
58853,Numro 4 Production
670,Walt Disney Television
181,Channel Four Films
71674,Dearfilm
838,Paramount Vantage
2531,Media Rights Capital
10039,Anonymous Content
11258,Central Films
10345,Active Entertainment
8922,Turner Entertainment
247,Granada Film Productions
258,Scott Rudin Productions
866,Path Renn Productions
1178,Path Pictures International
10843,Future Films
16804,France 3 Cinema
1009,Crown International Pictures
17817,Warp X
24372,Illuminations Films
3734,dick clark productions
12799,Silver Screen Pictures
4174,Threshold Entertainment
6574,Lions Gate Family Entertainment
19456,Envision Media Arts
52139,RGB Productions
17620,Svenska Biografteatern AB
13255,New Century Producers
75364,Nikkatsu Studio
2345,Lemming Film
47,Constantin Film
336,Wiedemann  Berg Filmproduktion
6187,ARDDegeto Film GmbH
7333,Bayerischer Rundfunk BR
4641,Shochiku Company
5552,Media Asia Films
5632,Milky Way Image Company
5686,SilMetropole Organisation
22158,James Cruze Productions
1350,Parkway Productions
9000,PathNatan
5537,Wolfe Releasing
36389,Orbis Film
79,Village Roadshow Pictures
80,The Zanuck Company
8601,Tim Burton Productions
45778,Plan B Entertainment
55512,Theobald Film Productions
5462,Aries Cinematogrfica Argentina
20478,Moving Picture Company MPC
id 54850,Bulletproof Cup
9156,Roxy Films
18855,VIP Productions Ltd
4933,PineThomas Productions
L LoewAlbert Lewin id 17139,Dav
36191,Fine Arts Film Company
4141,Associated Producers API
3492,Island Pictures
1123,Local Films
29575,Uzbekfilm
12778,Rizzoli Film
68431,Capital
10096,Walter Wanger Productions
5123,Miso Film
5403,Nordisk Film  TV Fond
5674,SF Film
290,Ingenious Media
7076,Chernin Entertainment
22213,TSG Entertainment
4630,Amicus Productions
2596,Jerry Weintraub Productions
7429,HBO Films
3964,FUNimation Entertainment
12460,EA International
12461,Bioware
15913,Associated British Picture Corporation ABPC
52691,GodwinWillis
1541,Terra Film Produktion
3,Pixar Animation Studios
5237,The Saul Zaentz Company
4606,Zweites Deutsches Fernsehen ZDF
16366,La Sept Cinma
53244,PopolarFilm
4096,icon
1371,The Global Asylum
43390,Production Magic Inc
43391,Maltauro Entertainment
21290,FawcettMajors Productions
62620,Steel Productions
42648,Rosebud Films
1802,Lowndes Productions Limited
8355,APT Entertainment
10417,Star Cinema Productions
15808,Cinemalaya Foundation
679,Timnick Films
6292,Universal
24674,Polski State Film
76032,ZRF Kamera
11803,Oz One Film
7466,Radio Tlvision Belge Francophone RTBF
25344,Cinares production
66451,Lamy Films
75448,Marsa film
89772,HamiltonMehta Productions
694,StudioCanal
30567,Diamond Girl Productions
30568,Sols Luncheonette
6237,Porchlight Films
18485,Rohfilm
32232,Edge City Films
393,MACT Productions
1588,Heimatfilm GbR
13025,Les Productions de lAmour Fou
58666,Opening Night Productions
18010,Clasa Films Mundiales
22230,Avi Chai fund
22231,Israel Film Fund
22232,Reshet Broadcasting
22233,Sundance
954,Phoenician Entertainment
1403,Franchise Pictures
12555,Annex Entertainment
12556,Ripped Productions Inc
4497,Janus Film und Fernsehen
16643,Deutsche UniversalFilm
10219,Goat Mans Hill
6181,Svensk Filmindustri SF
4951,Independent International Pictures II
13981,Tal Productions
317,Istituto Luce
10451,Castoro
10452,Tefi Film
10561,Chretien
10562,Mancori
2982,Signature Pictures
21897,Foresight Unlimited
23423,Baumgarten Management and Productions BMP
2090,Motion Picture Corporation of America
8624,Mediapro Studios
25263,Throttle Films
8924,RabbitBandini Productions
8135,Anchor Bay
286,Fantasy Films
18142,Dragonfly Entertainment
18148,Sobras Producciones
7625,Automatik Entertainment
10936,Hydraulx
11407,Baltimore Pictures
3768,Off Hollywood Pictures
14406,Ambush Entertainment
23921,Circle of Confusion
7396,Pathe
10339,WWE Studios
22305,Milk  Media
22306,Constance Media
10611,Cin
12095,Save Ferris Entertainment
12096,Mandarin Films
12098,Cofimage 23
12099,Sofica Manon 2
12100,Palatine toile 9
2902,SND
7454,France Tlvision
7460,Vendome Pictures
15671,France 2 Cinma
20655,Sofica A Plus Images 3
40274,Dvelopimage
201,Arte
o Films id 22865,Morb
23838,Salto de Fe Films
5755,Constantin Film Produktion
22656,Don Carmody Productions
60746,Unique Features
60747,Mr Smith Productions
5533,Jerry Lewis Productions
1587,PP Film Polski
4063,Trimark Pictures
e id 4077,Crystal Sky Worldw
13427,Prism Entertainment Corporation
3924,Bert Marcus Productions
2901,ADR Productions
16843,Thelma Film AG
1791,Blue Films
s id 57274,AAC K
57275,Childrens Label
3491,Showbox
14747,Zealous Creative
37352,Oscar Kramer SA
37353,Aura Film
37354,Mojame SA
424,Babelsberg Film GmbH
12514,Slovensk filmov tvorba Koliba SFT
18370,Slovensk film Bratislava
15160,Haxan Films
30023,Court Five
46240,Miscellaneous Entertainment
1314,Hammer Film Productions
5681,Lippert Films
497,Revolution Studios
696,Rogue Marble
6802,Dundee Entertainment
14920,Record Farm Industries
14922,Cinovative
5983,Stefi 2
16975,Lichtblick Film und Fernsehproduktion I
18188,Magnolia Mae Films
30226,European Coproduction Fund
86296,Intrinsica Films
3324,British Broadcasting Corporation BBC
70,American Zoetrope
289,Ingenious Film Partners
2979,ETIC Films
6370,Quinta Communications
16923,Zephyr Films
20394,Young Hannibal Productions
20395,Carthago Films Sarl
28367,RTV Slovenija
58227,Kinetikon Pictures
3989,CP Productions
52741,Virgin Wood Productions
10146,Focus Features
923,Legendary Pictures
10256,Disruption Entertainment
41624,RatPacDune Entertainment
4988,Frank Yablans Presentations
4978,Gaumont British Picture Corporation
11370,Michael De Luca Productions
19551,Marvel Enterprises
20241,Crystal Sky Pictures
20475,GH One
20476,Vengeance Productions Pty Ltd
4688,ConcordeNew Horizons
171,Malpaso Productions
82261,SNPC  Societ Nazionale Produzioni Cinematografiche
10254,Millennium Films
881,Daiei Studios
6530,Lifetime Television
10291,Grand Productions
10292,Hurry Up Productions
10293,Lee Rose Productions
71843,Kimura Productions
942,Fin Aot Productions
6197,London Weekend Television LWT
11858,AE Television Networks
822,Happinet Pictures
945,Cheongeoram
946,CJ Capital Investment
3635,20th Century Fox Home Entertainment
5542,Toei Animation
2744,Nikolaus Geyrhalter Filmproduktion
88541,firstchoicefilms
11358,Little Bird
12745,British Screen Productions
7811,CitFilms
10303,Rapsodie Production
12026,Gold Circle Films
91698,Filmi Domireew
23084,Vertigo
48428,VPK
3388,The Movie Network TMN
7169,Park Ex Pictures
eo Production Tax Credit CPTC id 8582,Canadian Film or V
11573,Corus
11575,Movie Central
13310,Quebec Film and Television Tax Credit
33137,Morag Loves Company
39004,Subotica Entertainment
55424,Irish Film Industry
64744,Mongrel Media
64745,Cogeco Program Development Fund
64751,Newfoundland and Labrador Film Development
284,DNA Films
1728,Sandrews
17593,Filmhuset AS
78362,Scentext
311,Procirep
6426,Dan Wigutow Productions
37714,Regency Television
6431,Northern Lights
15040,Novotny  Novotny Filmproduktion GmbH
16897,CinSud Promotion
26105,Radiotelevizija Federacije Bosne i Hercegovine RTVFBiH
26106,Refresh Production
7977,Rizoma Films
8595,ZDF Productions
13413,Hubert Bals Fund
22625,Fonds Sud Cinma
30553,Artcam International
729,Why Not Productions
40774,Viking Productions
771,Mandate Pictures
1973,Three Strange Angels
3282,Larry Levinson Productions
3693,Alpine Medien Productions
20358,RHI Entertainment
89864,Film International Rotterdam
10221,Walden Media
23890,Hal Lieberman Company
60611,Lauren Levine Productions Inc
10330,Universal International Pictures UI
71447,Gney Film
6332,Dune Entertainment III
10466,Fretboard Pictures
71671,Contemporary Historians Inc
7584,Screen Australia
686,Tiger Aspect Productions
198,GFP Medienfonds
15150,Du MaurierGuinness
1427,Commonwealth United Entertainment
13721,Winkast Film Productions
50411,YasahiMation Productions
86993,Adoor Gopalakrishnan Productions
2159,Hal Roach Studios
449,Virtual Studios
2994,Hollywood Gang Productions
7636,Nimar Studios
78685,Cruel and Unusual Films
28955,Roser Film
50104,This is It Collective
4928,Allied Artists Pictures
14869,E  L Productions
318,CTB Film Company
308,The Weinstein Company
3463,Imagi Animation Studios
30900,Mirage Studios
70995,Imagi Production
431,Donners Company
7505,Marvel Entertainment
9168,Bad Hat Harry Productions
37336,Down Productions
4676,ABSCBN Film Productions
680,Studio Hamburg Filmproduktion
681,Dom Film GmbH
682,Peninsula Films
11561,Recorded Picture Company RPC
20783,Fiction Films
13552,Laundry Films
684,Kim KiDuk Film
10342,Studio Ghibli
12516,Nibariki
20192,Nippon Television Network NTV
18956,Samaritan Entertainment
6841,KMBO
21446,Film and Music Entertainment FME
24908,Zjednoczenie Artystw i Rzemieslnikw
6681,The Klock Worx Co
12934,AirEdel Associates
12935,BBC Arts
10023,Dezenove Som e Imagens Produes
3341,Fuji Television Network
5896,Cine Bazar
7550,Protean Image Group
8165,Televicine SA de CV
eocine SA de CV id 17024,V
794,Agi Orsi Productions
795,Vans Off the Wall
15224,Film Tank
23809,Contravia Films
89301,Punto Guion Punto Producciones
16568,Mulmur Feed Co Production
14254,Harry Langdon Corporation
ad del Cine id 11999,Univers
16813,Alta Definicin Argentina
52436,Revlver Films
16265,Mischief Films
1026,CARTEL SA
1027,Rocabruno SA
68399,Filmi Domirev
6861,Lolafilms
7864,Amiguetes Entertainment
1024,Amiguetes Entertainment SL
14016,Ministero per i Beni e le Attivit Culturali MiBAC
6805,Epix
20235,New Horizons Picture
3458,Clover Productions
21750,Alterian
21751,StarGate Entertainment
21758,Filmtown Productions
21760,Filmtown Entertainment Group
17027,National Film Board of Canada NFB
92032,Fipco Productions
92033,Etoile Productions
31892,Loews Incorporated
7355,Creativity Media
10477,AB Publikfilm
5724,Zagreb Film
10481,Jolly Film
10482,Trio Films
24142,Independent Partners
3307,Ex Nihilo
eo Productions id 3142,IdtV Film  V
8100,Mafilm
14620,Gosteleradio
10556,Colosseo Artistica
1501,Flora Film
10046,Wanda Visin SA
51613,Lita Stantic Producciones
77104,Fortuna Film
77105,Silencio Cine
2938,Abbas Kiarostami Productions
2130,Mr Mudd Production
9350,Indian Paintbrush
32157,Right of Way Films
10255,Voltage Pictures
219,The Mirisch Corporation
28211,MirischWebb
15533,Sextant Films
8031,isotopefilms
26987,hugofilm
12372,Universum Film UFA
2677,Riva Filmproduktion
19381,SIA Advertising
29736,Nukleus Film
93041,Chaconna Films
7013,Hunnia Filmstdi
4913,Independent Artists
16211,British FilmMakers
250,CanalPolska
1664,Zebra Films
6480,Telewizja Polska
76193,Bowden Productions Limited
3153,Sunrise
264,Studio Babelsberg
528,Bandai Visual Company
8671,Kinoshita Komuten
9255,Toei Company
9300,TV Asahi
40521,Watanabe Entertainment
40522,SBI Holdings
40523,Broadmedia Studios
40527,AsatsuDK
amasaki id 40529,Yosh
75507,Peter Hutton
6665,Canal Street Films
56674,Manga Films
81865,United Seven Creations
14563,Maysles Films
10670,Supernova Group
21609,TonySeven Films
10673,Labor Film
10677,Toma 78
10678,De Milo
6342,Bueprint Pictures
7100,Patagonik Film Group
21915,Televisin Federal Telefe
8923,WMG Film
48402,Producciones Insurgentes
48403,San Mateo Films
58,Sony Pictures Classics
97,Castle Rock Entertainment
11510,Detour Filmproduction
19246,Faliro House Productions
20313,Venture Forth
44944,Robert W Paul
10695,Come On Sweet Film
20915,Hrvatska Radiotelevizija HRT
46112,Telefilm
328,TLA Releasing
13969,Globo Filmes
18514,Natasha Filmes
2401,Drew Associates
2402,Time
3361,Digital Frontier
5752,Sony Pictures Entertainment
14788,Capcom Company
4898,Columbia Broadcasting System CBS
5754,Rat Pack Filmproduktion
11636,Braindogs Entertainment
11637,YMC Films
10747,Hollywood Pictures Corporation
2015,Darlow Smithson Productions
5413,image now films
8822,Green Light Media
356,TF1 Films Productions
19159,Vito Films
3268,Home Box Office HBO
9137,Moonlighting Films
93197,Parablica Brasil
93198,Belavista Cinema e Produo
689,Ventanarosa Productions
2832,Cineville
eo id 20873,Columbia TriStar Home V
80578,Dan Lupovitz Productions
6908,Blender Foundation
57002,Twelve OClock Films
57003,Lost Footage Films
14155,AMBL Productions
10910,Strix Drama AB
1406,Mega Film
3602,Rialto Film PrebenPhilipsen
7516,Colt Produzioni Cinematografiche
2092,Mike Zoss Productions
364,The Rank Organisation
4673,King Record Co
17228,TJoy
28045,Gansis
44805,KH Capital
44806,BizAsset
10935,Death Awaits Cinema
12881,Twin Engine Films
12882,Pink Buffalo Films
2373,Patriot Pictures
2609,De Line Pictures
2088,NALA Films
1450,Front Street Productions
6735,Participant Media
6736,Imagenation Abu Dhabi FZ
11448,Exclusive Media Group
14739,Spitfire Pictures
5176,Fortress Features
10285,LD Entertainment
6644,Lions Gate
21958,Motel Man Productions
63813,Rosemont Productions International
89425,Zeke Productions
52831,Stockholm Syndrome Film
58725,Alin Productions
39,Docurama
11001,Walkaway Entertainment
11002,Stoned Gremlin
7926,Studio Filmowe Kadr
72548,Kino wiat koprodukcja
74832,Silesia Film coprodukcja
75746,Chimney Pot The koprodukcja
75747,Polski Instytut Sztuki Filmowej finansowanie
39329,Poefilms
12432,Eesti Joonisfilm
6157,Arnold and Gregor Production
53630,Aica Cinematografica SRL
10914,Peter Jones Productions
10915,Turner Classic Movies TCM
ay Cinematografica id 87980,Hol
10942,Fbulas Negras
68624,KSM
11362,Mark Gordon Productions
7699,Palomar
12424,TV Man Union
1391,Anglia Television
1392,National Broadcasting Company
1393,Tokyo Broadcasting System TBS
35,Lions Gate Films
6455,Edward R Pressman Film
15231,Muse Productions
11594,Passion Pictures
12840,Red Box Films
690,Handprint Entertainment
648,Sony Music Entertainment Japan
7967,Media Factory
3079,Fantefilm
5241,Film Fund FUZZ
688,RankinBass Productions
1872,Bleiberg Entertainment
6242,Barrandov Studios
33629,RWE
691,Cappa Productions
7901,Harmony Gold
54301,Canned Pictures Inc
2640,Odeon Film
693,Alicia Produce S L
6780,Televisin Espaola TVE
9335,Canal Espaa
11954,Sociedad General de Cine SOGECINE SA
11955,Sogepaq
49473,Frakas Productions
695,Lee Daniels Entertainment
23495,titania produzioni
94637,Film 87
94638,Plaza Production International
1415,Capitolina Produzioni Cinematografiche
1666,RhneAlpes Cinma
7131,France Television
12392,Rgion RhneAlpes
15894,Soficinma 8
18367,Centre National de la Cinmatographie CNC
28452,24 Mai Productions
28453,Wallpaper Productions
6100,Achte Babelsberg Film
10947,ARD Degeto Film
53975,Desert Flower Filmproduktion
70636,MTM West Television  Film
11840,Film Victoria
21577,Horosho Production
a Filma id 22083,N
22084,Latvijas Nacionalais Kino Centrs
1388,Centro Nacional Autnomo de Cinematografa
6520,Factor RH Producciones
15511,Fundacin  Villa del Cine
16952,Blue Post
21540,Mary Pickford Company
738,Myriad Pictures
8,Fine Line Features
1261,Scala Productions
14723,Carolco Pictures
51763,Living Pictures
eo System id 94008,3D V
10569,Gene Autry Productions
69696,Marfa
24845,Topkapi Films
24846,Menuet Producties
348,Bedford Falls Productions
430,Lonely Film Productions GmbH  Co KG
705,Spring Creek Productions
7380,Initial Entertainment Group IEG
20938,Liberty Pictures
7405,Dimension Films
700,Kanzaman SA
50915,Motorino Amaranto
20643,Mandragora Movies
36299,Agresywna Banda
66146,Denis Friedman Productions
10284,Edko Films
47037,Irresistible Films
82612,Irresistible Delta
90557,DoubleSee Productions
8085,Picture Machine
19548,Haven Entertainment
697,Alta Films SA
699,TTornasol Films SA
1615,Fortissimo Films
1616,Process Productions
1617,Q Television
35659,Brooklyn Underground Films
14035,Cit Films
14385,Compagnie Internationale de Productions
706,Sputnik Oy
e Productions id 1286,World W
94708,Right Thinking
11072,Bad Angels Productions Ltd
6438,Muse Entertainment Enterprises
7503,Protozoa Pictures
10104,New Regency Pictures
307,IFC Films
3017,Present Pictures
16947,KODA Entertainment
5039,Romson Productions
8691,Vortex Words Pictures
11086,Lunamine
11087,Victoria Deluxe
7608,Eyeworks Film
15830,Iced Tea Productions
5351,Acne Film
216,Jersey Films
11672,Nimbus Film Productions
12133,Scimitar Productions
1101,Bsame Mucho Pictures
1102,Producciones Anhelo
15530,Les Films Hatari
17645,Stockholm Film
85537,Inge Ivarsson Filmproduction
11489,HBOCinemax Documentary
12247,thinkfilm
89129,Creative Visions Productions
93091,Red Light Films
93092,Sundance Institute Documentary Fund
823,Telepool
15268,BKM Film
er Filmproduktion id 16051,Lthje  Schne
19677,Hochschule fr Fernsehen und Film Mnchen HFF
21338,Schesch Filmproduktion
77322,El Mall
2726,Emperor Motion Pictures
35050,SilMetropole Organisation Ltd
39649,Huayi Brothers Media
40890,China Film Co
78132,Chongoing Film Group
78134,Bon Voyage Film Studio
78135,Shanghai Media Group
78136,Zhejiang Films  TVGroup Company Ltd
78137,Hunan Broadcasting System
78138,Anhui Broadcasting Corp
78139,Beijing TV Station
11356,Horizon Pictures II
23119,Rai 2
32054,Sovinfilm
53390,Sony New Technologies
4100,Stick Figure Productions
11517,Buffalo Gal Pictures
18949,Ember Productions
18950,The Genre Co
7984,Zespl Filmowy Tor
12838,Film Polski
47534,Polish Corporation for Film Production
21622,Braven Films
21623,Rip Cord Productions
12154,Fox Star Studios
13678,Vishal Bhardwaj Pictures
5332,Utopia Pictures
376,Industry Entertainment
3604,Grindstone Entertainment Group
5830,Cheetah Vision
6667,Mandalay Vision
6819,Paradox Entertainment
3376,Cinepost Studios
7937,Sonet Film AB
7453,Armada Films
12813,Armada Films Production
4896,Gala Film
1645,Scott Free Productions
2493,Tandem Communications
20465,Galafilm Productions
39520,Take 5 Productions
1742,Les Films 13
2721,JinksCohen Company
11736,El Deseo SA
18734,Filminor
3991,Asylum The
10923,ShowboxMediaplex
11430,Dasepo Club
11165,Deep Blue Pictures
11166,Red 56
12243,Lux Compagnie Cinmatographique de France
698,Scottish Screen
27559,Bianca Film
95346,Glasgow Film Office
20023,Noah Films
77691,Leisure Media
2291,Journeyman Pictures
2816,Axiom Films
11843,Goldcrest Pictures
34733,Una Noche Films
10622,Public Broadcasting Service PBS
10722,Florentine Films
10725,WETA
2740,Jigsaw Productions
13928,Steps International
60014,One Small Instrument Pictures
72987,Film Base
72988,Shumway Studios
3219,Amuse Soft Entertainment
7831,DesperaDo
11814,Sky Perfect Well Think
12469,Higashinippon Broadcasting Co
27716,Yomiko Advertising
27717,Ahiru to Kamo no Koin rokk Seisaku Iinkai
27718,Dub
27719,Kahoku Shimposha
27903,Basilisk Communications
78057,Dangerous To Know
78058,Opal Records
3823,TF1 Films Production
6586,TPS Star
7799,TF1 International
11942,Sofica Valor 7
22997,Lgende Films
31660,Okko Productions
84482,Songbird Pictures
84483,Scotts Atlantic
5928,esk televize
30535,Papi Chulo
17513,Film i Vst
25713,Ghost VFX
2613,Futurikon
3984,Entre Chien et Loup
16868,Futurikon Production II
22071,Mollywood
67715,Nozon
185,Pandora Cinema
2214,Flower Films
3334,Adam Fields Productions
1901,University of Southern California
8441,Jack H Harris Enterprises
ega Film id 1125,M
9152,Devon Film
2537,Kennedy Miller Productions
2723,Lin Pictures
9993,DC Entertainment
4107,NEST Family Entertainment
6575,Crest Animation Production
889,Outlaw Productions
1419,Virgin
60547,Mirage Cinematografica
360,Geffen Pictures
15469,Sogetel
1420,ContentFilm
12743,Prime Entertainment
2029,Estudios Picasso
7470,Esperanto Filmoj
11628,Tequila Gang
9050,BBC Natural History Unit
11283,CTVMedia Studio Corporation
17457,Whizbang Films
46568,Zespol Filmowy Perspektywa
3112,Rodeo Drive
4148,Keystone Film Company
191,Senator Film Produktion
21248,Goldkind Filmproduktion
29008,Europool
1246,River Road Entertainment
3997,Alberta Film Entertainment
10565,Good Machine
12245,Robert Lawrence Productions
53,Les Films du Carrosse
64,Les Productions Artistes Associs
58675,Perry Street Pictures
829,Vertigo Entertainment
3202,Walt Disney Studios Home Entertainment
16712,Liberty Film
55330,Canafox Films
10202,Columbia TriStar Home Entertainment
342,DavisFilms
753,Nouvelles ditions de Films NEF
1208,Rising Star
2116,VIP Medienfonds 4
2875,Ikiru Films
7956,Castelao Producciones
13852,Odessa Film Studios
10807,Troublemaker Studios
6751,HBO Sports
4319,40 Acres  A Mule Filmworks
10882,Francinex
54583,Tempo Film
85676,Cinematografica RIRE
803,Alliance Atlantis Communications
11104,TiMe Film und TVProduktions GmbH
26136,Vif Babelsberger Filmproduktion GmbH  Co Zweite KG
26137,Dog Eat Dog Films
26138,Iconolatry Productions Inc
26139,Salter Street Films International
26140,United Broadcasting Inc
14580,Treehouse Pictures
157,SVT Drama
55392,Marko Rhr Productions
11465,Noram Entertainment
10617,Bosna Film
28223,Filmska Radna Zajednica
28713,Sutjeska Film
11470,Lhikuva Oy
36852,Mire
36853,Belbo Films
72026,EGO Production
711,Fox 2000 Pictures
18405,Kinotar
45,Road Movies Filmproduktion GmbH
6116,Argos Films
716,Standard Film Company
e Productions id 2570,Bona F
5466,Irwin Entertainment
713,Nu Image Entertainment
714,3L Filmverleih
9968,Black Flag
36489,ThanatoFilms
25570,BBC Drama Productions
11671,Studio 4C
23335,Lucent Pictures Entertainment
29177,Beyond C
11029,QED International
16311,Albert S Ruddy Productions
16312,Crave Films
16314,Roth Films
15323,Juventus Film
15324,Primex Italiana
36412,American Mutoscope  Biograph
1177,Rastar Films
86625,Sateenkaarifilmi Oy
3222,Baltic Film Group
74862,IMS 6 LLP
35027,Joe Siu International Film
44338,Movie Impact Ltd
11130,Royal Oaks Entertainment Inc
21304,Cabin Fever Entertainment
12069,Girl  Chocolate Skateboards
21485,University of Southern California School of Cinematic Arts
4598,CheslerPerlmutter Productions
12986,FennadaFilm
719,Film Foundry Partners
721,Zenith Productions
3065,American Broadcasting Company ABC
5333,Zeta Entertainment
123,Trust Film
125,Danish Film Institute
3689,East Wing Holdings
11552,SAJ
11553,Beijing Happy Pictures Cultural Communications Co
927,Palace Pictures
10559,Koch Media
22778,SEVEN24 Films
13646,Jerry GershwinElliott Kastner
11860,Barnholtz Entertainment
13912,ARO Entertainment
32,Buena Vista
6421,Disney
12467,Nomadic Pictures
21040,ITV Studios America
21041,Annuit Coeptis Entertainment Inc
6639,Televisin Espaola TVE
43789,Grupo Ukamau
23189,Greeks Productions
23190,Kitchen Sink Productions
2269,China Film CoProduction Corporation
2798,Columbia Pictures Film Production Asia
12205,EDKO Film
20289,Asia Union Film  Entertainment Ltd
20290,United China Vision
20291,Zoom Hunt International Productions Company Ltd
6147,Tallinnfilm
30420,Anonymous Content
73493,MadRiver Pictures
78595,Sierra Pictures
78596,Surefire Capital
435,Di Bonaventura Pictures
215,Double Feature Films
7420,Stone Village Pictures
3172,Blumhouse Productions
11624,Visualeyes Productions
42002,Velvet Spoon Productions
dle Child Productions id 34145,M
11808,Whitby Davison Productions Ltd
27593,Lenfilm Studio
16441,Pacific Bay Entertainment Canada
16442,Pacific Bay Entertainment
26324,Next Entertainment World
16874,LaughOGram Films
3084,Vallelonga Productions
21729,Black Elk Mountan Prods LLC
21730,Enlightenment Films
10897,Sdif Productions
893,Stanley Kramer Productions
20656,Babieka
52184,Volcano Films
88955,Dansk Biograf Compagni
10618,Filmstudio Bucuresti
17281,Aparte Film
4985,20th Century Pictures
1597,DSM III
78,Hotshot Films
15165,Centar Film
7448,Tobis Filmkunst
1595,Island World
1596,Shooting Gallery
7135,Sun Pictures
69112,Theatre Of Material
13133,Universal Film Manufacturing Company
70274,Lois Weber Productions
6377,Media Asia Films Ltd
1594,Pantera Film
20091,RAI Radiotelevisione Italiana
71825,Lasihelmi Filmi
2303,Villealfa Filmproduction Oy
1765,Turner Pictures
eo id 5173,Warner Bros Home V
7258,Alliance
63505,Bauman Entertainment
552,Dark Horse Entertainment
21497,Starlite Films
727,TV Productions LTD And Beijing Hop Culture Co
79775,Vaughan Films
2387,sabotage film GmbH
3363,Mainichi Broadcasting System MBS
9155,Tokyo Movie Shinsha TMS
10919,TMS Entertainment
10920,Akira Committee Company Ltd
10921,Sumitomo Corporation
8171,Institut National de lAudiovisuel INA
23072,Schweizerische Radio und Fernsehgesellschaft SRG
79339,OmbraFilm
91783,Sota Cinema Group
1465,Metheus Film
1500,Copercines Cooperativa Cinematogrfica
172,NPV Entertainment
4258,Fortis Films
4169,Kanzaman
19477,Dune Films
19478,BK
19479,KOH
19480,Reino del Cielo
e Track 3 id 19482,Ins
19483,Calle Cruzada
17823,Alive Films
47030,KoppelmannBandierCarnegie Pictures
47031,Capella
2521,Golden Harvest Company
3656,GAGA
15406,Qartuli Pilmi
21978,Gorky Film Studios
969,Golden Harvest Pictures
53677,Clearwater Holdings Limited
11447,Mercury Productions
585,UFA Filmproduktion GmbH
1957,Warner Bros Television
77320,garnerDuchow Productions
1958,Jonia Film
7662,Epic Pictures Group
41571,Pendulum Productions
5225,Johnson Production Group
83440,Relevant
83441,Fuzzy Bunny Productions
57288,Max L Raab Productions
8363,Euston Films
4053,Enlight Pictures
Hannay Productions id 6135,Dav
21318,Pro Filmworks
17008,CC Capital Arts Entertainment SRL
17009,Universal 1440 Entertainment
12500,Flatland Pictures
10348,Republic Pictures II
245,Cowboy Films
6705,Filmfour
20369,Slate Films
20370,Tatfilm
770,Kingsgate Films
13184,Annapurna Pictures
140,Pandora Film
4503,Neue Road Movies
19244,Snow Wolf Produktion
19245,Lago Film
16280,Jean Doumanian Productions
22695,Smokehouse Pictures
6742,Sudden Storm Productions
14861,Before the Door Pictures
14862,Washington Square Films
5162,Memento Films Production
1671,Explorer Film 58
4745,Produzioni Atlas Consorziate PAC
55703,Wytwrnia Filmw Fabularnych WFF Wroclaw
6529,Fox Television Studios
6790,Discovery Channel
73930,Studio GDS
5517,100 Bares
11408,Ministerio de Cultura
11427,Instituto de Crdito Oficial ICO
22128,369 Productions
22130,Catmandu Branded Entertainment
22133,JEMPSA
22134,Plural  Jempsa
22135,Prana Animation Studios
48591,Joseph Bernhard Productions Inc
266,Agencja Produkcji Filmowej
37659,HBO Polska
67805,Vilm Production
444,Dune Entertainment
445,Major Studio Partners
11317,Phoenix Pictures
19072,Les Films Marcel Vandal et Charles Delac
656,Metropolitan Filmexport
657,TohoTowa
780,Red Wagon Productions
919,Beacon Communications
7385,Kalima Productions GmbH  Co KG
18642,Rovio Entertainment
30692,Sony Pictures Imageworks SPI
50848,Rovio Mobile
91920,Rovio Animation
13665,Raymond Stross Productions
20259,Buckman
4592,Dark Sky Films
12142,XYZ Films
16538,Pellicola
3659,Django Film
11084,ParkesMacDonald Productions
11463,Edge City
25206,La Sorcire Rouge
725,Film 1
841,Path Entertainment
21854,Star Partners III Ltd
7458,Cubicle Inc
23839,Creative Entertainment Group
12590,International Productions
12591,Angeles Entertainment Group
12592,Inverness Productions
315,Filmstiftung NordrheinWestfalen
2650,Ealing Studios
2651,Fragile Films
42272,RTL
52728,Cougar Films Ltd
52729,Minotaur Film Partnership No 3
84456,MaruiKobunsha Corporation
21534,KairosFilm
12260,Bob Yari Productions
826,Capitol Films
6301,CinCinma
23433,No Productions
26466,Lola Films
728,Kalkaska Productions
26468,IFC Productions
6018,Sahamongkol Film International
20671,RadiusTWC
26470,Little Magic Films
ge Entertainment id 5738,Stonebr
23,Imagine Entertainment
54275,Mirror Maze
21612,Black Snake
42043,Grokenberger Film Produktion
732,Mate Producciones SA
8930,Euro International Film EIA
11735,Robert E Kent Productions
161,Claussen  Wbke Filmproduktion GmbH
86188,Gafer Producciones
15037,Albertine Production
1627,Maran Film
1628,VM Productions
1477,Franco London Films
52852,Produzioni Cinematografiche Associate
223,Les Films du Losange
758,TV2 Danmark
980,The Glasgow Film Fund
14680,Parc Film
819,Mars Films
359,Figment Films
785,Sociedad General de Cine SA
2890,Fox Atomic
10890,Koan Films
1429,Italian International Film
805,Serendipity Point Films
24630,Citizen Jones
1626,Fono Film
84368,Przedsiebiorstwo Realizacji Filmw PRF
17820,MegaVision Pictures MVP
1157,Les Cinmas de la Zone
1158,Love Streams Productions
25844,72 Productions
890,Cheyenne Enterprises
11845,Wintergreen Productions
12692,Gallus Films
12693,Les Films Agiman
1504,Cinergi Pictures Entertainment
1073,Gordon Company
13769,Lynda Obst Productions
14440,Red Wagon Entertainment
22822,La Pistola
22823,Attic Light Films
734,Producers Circle
8797,Storyline Entertainment
20851,H2F Entertainment
58399,Pantelion Films
248,Impact Pictures
53530,Constantin Film Ltd
6896,EuropaCorp
1976,Film Science
26952,Maybach Film Productions
30666,RT Features
30667,Tipping Point Productions
1474,Desperate Pictures
15433,Orange Studios
2783,Motlys
26995,Animal Kingdom
2372,Unison Films
10425,Kim and Jim Productions
14036,Division Films
ge Films id 14037,Dreambr
7286,Epithte Films
12000,Tapioca Films
6692,Benaroya Pictures
51864,H Films
58092,Raslan Company of America
10951,Screen NSW
32299,BlueTongue Films
32300,Lava Bear Films
33905,South Australian Film Corporation The
41077,A24
10989,Muskat Filmed Properties
20848,Rough House Pictures
9349,Film4
28275,The Ink Factory
36615,Potboiler Productions
36616,Amusement Park Films
1905,Integral Film
2844,Prospero Pictures
8997,SBS Productions
23514,Sentient Entertainment
152,Icon Productions
4564,Icon Entertainment International
7594,Touchstone
1554,Transatlantic Pictures
15462,Troika Pictures
15463,Emergency Films
15464,Apotheosis Media Group
15465,Amasia Entertainment
2481,Platinum Dunes
18065,20th Century Fox Russia
735,Waverly Films
37664,Belafonte Enterprises
736,Little Shark Entertainment GmbH
2348,Nickelodeon Movies
8647,NEW Century
21409,MFP Munich Film Partners GmbH  Company I Produktions KG
88628,Sor Productions
6877,Grive Productions
11770,Liberty Films II
1271,Pariah Entertainment Group
23651,Grand Slam Productions
54502,Mels Cite du Cinema
4433,National Geographic Television
49989,Computer Chess
59778,A113
4748,Oscilloscope Laboratories
8719,Isle of Man Film Commission
e Pictures id 8934,Studio Hamburg WorldW
3356,State Street Pictures
3766,iDeal Partners Film Fund
13238,Unified Pictures
19761,Floren Shieh Productions
41640,Archer Gray
163,Revolution Films
9210,Film Four International
9987,Lipsync Productions
13854,Baby Cow Films
2526,Kickstart Productions
5706,Mythic International Entertainment
23607,Raindance Entertainment
4343,Showtime Networks
42045,Sakhkinmretsvi
20856,Realitism Films
20857,Rubber Films
44486,Timwe
99,OlgaFilm GmbH Mnchen
ney Kimmel Entertainment id 737,S
739,Anomaly Entertainment
21864,Cine Mosaic
95800,Ex Lion Tamer
34484,Civic Bakery
34485,Big Noise Films
443,Big Talk Productions
20664,Anton Capital Entertainment ACE
740,MTM Cineteve
1704,Bavaria Film
24212,Media Cooperation One
12545,Also Known As Pictures
15156,The Collective
15157,Bloody Disgusting
15158,8383 Productions
15159,Snoot Entertainment
79420,Lgende Films koprodukcja
79421,France 2 Cinma koprodukcja
17517,One More Pictures
4268,Les Films du Griffon
9248,Tigielle 33
436,1492 Pictures
2575,21 Laps Entertainment
11061,Motion Picture Corporation of America MPCA
11073,Sony Pictures Television
52429,Lasky Productions
92221,Mirisch Films Limited
9340,Enjoy Movies
741,Emotion Pictures
742,Reverse Angle International
26469,InDigEnt Independent Digital Entertainment
16860,Hernany Perla Films
16861,Flying Monkeys Entertainment
11391,Tribeca Productions
41248,Nancy Tenenbaum Films
1242,Reteitalia
8694,Silvio Berlusconi Communications
632,British Lion Films
892,Qwerty Films
8874,N1 European Film Produktions GmbH  Co KG
23488,Kanzeon
23489,Huckabees
14819,Asap films
48664,SCCA  proba
49623,VertigoEmotionfilm
321,Memfis Film
2996,Angel films
4524,TV 1000
5975,Yleisradio YLE
7330,Blind Spot Pictures Oy
8659,Vrijzinnig Protestantse Radio Omroep VPRO
11239,Liberator Productions
14937,Icelandic Film
30268,Pain Unlimited GmbH Filmproduktion
53667,Trust Film Svenska
536,Cinematograph AS
11793,Lumire
12984,Norsk Film
ral Productions id 63751,S
13140,Parada Film
13652,Hai Hui Entertainment
7157,Koktebel Film Company
23050,TVP Film  Multimedia
6663,CFilms AG
6715,K5 International
7237,Tele Mnchen Fernseh Produktionsgesellschaft TMG
8683,Cinemate
21917,Efish Entertainment
23437,K5 Film
24277,PalmStar Entertainment
11236,Zentropa International Poland
15066,Shot  Szumowski
82128,Filmkraft Productions Pvt Ltd
o Productions id 12966,Perd
1213,Pint OBitter Productions
1214,Guild
12855,Mitar Group
718,Arts Council of England
39735,Impact Film  TV
66592,Sarah Radclyffe Productions Limited
129,Section Eight
24939,WV Films II
1508,Wildgaze Films
12862,Film Suez
20928,Majestic Films International
38178,Newcomm
14983,DFI
42407,TFT Productions
1268,Focus Films
2268,Isle of Man Film
10351,IAC Film
1107,Seven Pictures
521,DreamWorks Animation
8142,Lane Street Pictures
41510,Pictures from the Fringe
246,Film Council
1218,The Film Consortium
1269,Momentum Films
1270,National Lottery
18620,Artists Production Group APG
52619,Fifty First Films
5579,MetroGoldwynMayer British Studios
Heart Pictures id 4881,Rap
89953,Mascot Picture Corp
867,Anka Film
11746,Daybreak Productions
11747,Prime Universe Productions
11142,Cinema Group Ventures
2511,Zero Film GmbH
5032,Catpics Co Productions AG
745,Les Films de la Pliade
17469,Tu Vas Voir Productions
77195,Elena Films
28872,Climax Fables
11862,Lumiere Film Company
220,Path Consortium Cinma
15749,Les Artistes Associs
22657,Sdif Productions as SEDIF
92850,Channel One
21,MetroGoldwynMayer
62009,Viennale
1442,Cosmopolitan Productions
14585,Leucadia Film Corporation
12202,WV Films III
34,Sony Pictures
243,CB Films
18477,Les Films de la Botie
25899,Artdis
5551,Long Shong Pictures
7671,Amblin Television
38069,Legion Entertainment
93126,Eureka Media
11496,Jalem Productions
3070,Cinema Center Films
33973,Done Four Productions
73949,KirchMedia
1719,Canana Films
8861,Instituto Mexicano de Cinematografa IMCINE
11785,Alcove Entertainment
35304,Blue Tulip Productions
2070,Rastar Pictures
11355,JurowShepherd
ge Films id 2087,Blackfriars Br
2448,Yari Film Group
19528,ApolloProScreen Filmproduktion
25432,Bulls Eye Entertainment
25433,DEJ Productions
25434,Harris Company
1038,Bazelevs Production
1560,RothArnold Productions
12959,Showtime Original Pictures for All Ages
12972,The Sabi Company
7508,Produzioni Europee Associati PEA
15423,Fly Film
20396,Kernos Filmproduktionsgesellschaft  Company
58262,Birnbaum  Barber Productions
1740,Les Films Copernic
365,Nelson Entertainment
8697,Salzgeber  Company Medien
34403,Produzioni Associate Delphos
316,Wildwood Enterprises
1143,Sound for Film
6638,Inca Films SA
9962,BD Cine
19027,Sahara Films
14159,Seven Arts Pictures
79298,MKH
elity Productions id 35930,F
5218,Imprint Entertainment
22506,Most Films
22507,Extravaganza Entertainment
22508,42 Films
7961,Gaumont International
28766,Production Marcel Dassault
14217,Odyssee Pictures
761,Cinehaus
37171,Yankee Entertainment Group
19230,Varma Corporation
5106,Copperheart Entertainment
19091,Government of Ontario Ontario Film and Television Tax Credit Program
11486,Picturehouse Entertainment
13507,Pie Films Inc
7658,Buena Vista International Film Production France
8661,Alliance de Production Cinematographique APC
66329,LInstitut Polare Franais Paulmile Victor
66330,National Geographic Films
66331,Bonne Pioche
33365,Mattel Playground Productions
6964,ShowTime
21256,LOL Comedy TV
21684,LOLflix
7059,Aurora Films
17136,LBFilms International
28520,BR Films
74959,Film Studio Tanka
1693,Nina Saxon Film Design
2767,Mace Neufeld Productions
763,Intermedia Films
19116,IMF Internationale Medien und Film GmbH  Co 3 Produktions KG
16326,Ranown Pictures Corp
46,WDR
6832,Path Productions
1618,Komplizen Film
10771,AlexanderStern Productions
52412,Coop99 Filmproduktion
1650,PECF
10460,Produzione Intercontinentale Cinematografica PIC
6906,LMN Productions
122,Coop 99
50451,Lotus Film
2233,Bristol Bay Productions
2234,Baldwin Entertainment Group
8833,Anvil Films
11792,Tre Vnner Produktion AB
622,Toho Film Eiga Co Ltd
2266,Bold Films
2527,Marc Platt Productions
12562,Phantasma
1931,Filmov Studio Barrandov
7168,Romania Film
54957,Eskoria Films
22500,Highland Film Group
46976,RKO General Pictures
18262,Indie Melbourne Productions
5113,120dB Films
34380,Cargo Entertainment
78555,International Film Trust
3749,Vishesh Films
13151,Headline Pictures
13152,Nice Guy Productions
13153,Sennet Entertainment
21136,James B Harris Productions
1786,Dark Castle Entertainment
15763,Eyetronics
19965,Chime Films
13160,Severe Features
12240,Galatea Film
95341,Dago Productions
12943,APJAC Productions
1309,Rainforest Films
2780,Cube Vision
1444,Cannon Group
16,United King Films
39719,Green Productions
39720,ONE TWO Films
507,Atlas Entertainment
769,Destination Films
4106,Libra Pictures
29493,Daniel L Paulson Productions
76857,MTM Entertainment
13185,Red Lamp Films
16820,PingPongFilm
17555,Film i Skne
34519,SpectreVision
5293,StellaNova Film
1507,International Production Company
1631,Raw Nerve
1633,Next Entertainment
17793,Hostel LLC
10368,Leonard Hill Films
11658,Brainstorm Media
17587,Lasse Forsberg Produktion AB
16785,Croatia Film
20612,Giant Ape Media
20613,SC Films International
48745,Butimar Productions
995,Cinerenta Medienbeteiligungs KG
1838,Firm Films
45966,Cinelamda Internationale Filmproduktionsgesellschaft
4990,ItalNoleggio Cinematografico
38255,Ministero del Turismo e dello Spettacolo
49691,Alert Film
84722,Von Vietinghoff Filmproduktion VVF
84723,Ekstaza
53085,First Sun
101,Roxy Film
11675,Duckling AS
16617,Drama Deluxe
26693,CoPilot Pictures
41676,Standard Arts
42039,ArtsLabor
45898,Sixth Street Films
45899,DokiDoki Productions
13549,GolanGlobus Productions
1448,Project Filmproduktion
7024,Sender Freies Berlin SFB
9292,Hessischer Rundfunk HR
10869,Filmverlag der Autoren
10889,British Film Council
130,Jerry Bruckheimer Films
3589,KoufBigelow Productions
78338,Hiett Designs of Las Vegas
78339,Runway Pictures Inc
1625,Fugitive Features
90743,Schick Sunn Classics
13294,Top Story Filmproduktion GmbH
19570,Henry Halstead Productions
62711,Talent United
5347,Magla Productions
3958,Front Street Pictures
60221,Ordinary Road Productions
ge Enterprises id 15660,Longr
22542,Apjac International
16064,William Conrad Productions
3393,Huayi Brothers
14714,China Film Group Corporation CFGC
22838,Bingo Movie Development
22839,Village Roadshow Pictures Asia
22840,Chinavision Media Group
11537,Laika Entertainment
13318,Rcifilms
13319,Axel Films
13320,Les Films du Trsor
357,Va Digital
3725,Mukta Arts Ltd
75341,Dizzy Giant
75342,Grayscale Films
13324,Oceanstorm Films
44975,Whyte Booth Pictures
10488,21 One Productions
2926,Alexandre Films
75508,Prodve
13346,Fandor
15098,Antena Latina Films
10326,Anglo Enterprises
10327,Vineyard Film Ltd
76131,Four Brothers Pictures
15024,RichHeape Films
1811,FilmColony
6849,Socit Franaise de Production SFP
23238,VIP 4 Medienfonds
72408,Kaos Entertainment
1172,Hyde Park Films
39046,Essen Communications
20823,Cicatrice Film inc
1360,Glass Eye Pix
18630,Predestinate Productions
23469,Societ dExploitation et de Distribution de Films SEDIF
5766,ARTE
12431,SSR SRG Ide Suisse
843,Werner Herzog Filmproduktion
10509,Tiger Film
12063,Delta
12360,Vestron Pictures
12427,BA Filmproduktion
44089,Hunnia Filmgyr
11745,Office national du film du Canada ONF
624,PerskyBright Productions
13954,RollinsJoffe Productions
29119,DevonPerskyBright
33805,Triggerfish Animation
11533,Valhalla Motion Pictures
25121,MVL Incredible Productions
63716,lvaro Agustn
13362,Preferred Content
8268,Seven Arts
90571,Mirisch Pictures
18346,Burn Later Productions
1807,Warwick Film Productions
34758,Viceroy Films Ltd
3798,Greentrees Films
5778,Channel 4 Television
3353,Element Pictures
11842,Company Pictures
56337,Sky 1
57844,Warner Sisters Productions
20634,Bedford Falls Company The
35076,Footprint Features
10201,Interscope Communications
12646,The BadhamCohen Group
5344,MD Pictures
69987,Uncorkd Entertainment
23868,Tiberius Film
29118,Loven Film
41945,Indy Entertainment
49967,Unique New York Productions
11565,The Safran Company
27408,Hours Capital
27619,Tigmanshu Dhulia Films
27620,Brandsmith Motion Pictures
27621,Select Media Holdings Moving Pictures
15710,Best Medicine Productions
877,Casey Silver Productions
747,Inland Empire Productions
11608,Fundacja Kultury
11609,Camerimage Festival
11610,Absurda
2254,Egoli Tossell Film AG
2865,Insight Film Studios
19107,Helena Productions
27897,Filmstiftung NordrheinWestfalen
33167,Tiedebaby Films
56041,Zesp Filmowy Pryzmat
5891,Cecchi Gori Group
7382,Echo Films
2953,New Wave Entertainment
14078,The Documentary Group
73067,Vulcan Productions
11462,Alphaville Films
20242,Imhotep Productions
173,Village Roadshow Productions
4243,Gullane Filmes
24781,Speak Thunder Films
19175,greenskyFILMS
19643,Sommers Company The
60950,Nob Hill Productions Inc
27899,Telefilm Saar GmbH
58231,Saarlndischer Rundfunk SR
15709,Keystone Pictures
24101,Den Pictures Inc
35035,Gail Force Films Inc
35037,Evergreen Entertainment
831,Saturn Films
8000,Broken Road Productions
49124,Metronome Studios AB
90753,HarlinSelin Productions Oy
2502,Ceskoslovensk Sttn Film
14175,Davis Films
11311,SeeThink Films
16048,Fewdio Entertainment
13498,Margate House Films
7310,Bord Scannan na hEireann  Irish Film Board
18230,Filmgate Films
21621,Red  Black Films
8873,Handsomecharlie Films
13242,Unanimous Pictures
13403,Straight Up Films
14359,Scott Pictures
80180,NeptunFilm
912,Karma Films
2749,Chaos a Film Company
5124,New Artists Alliance
7787,Snowfort Pictures
5381,Backup Films
8471,Tarantula
11776,Film Fund Luxembourg
82618,IlagFilm
89292,Carl FroelichFilm GmbH
2061,Twisted Pictures
23019,Evolution Entertainment
55405,Saw Productions Inc
13547,NBTV Studios
13548,Thier Productions
4554,Cimarron Productions
34381,Vedette Finance
11895,Artificial Eye
26206,TMS Film GmbH
34237,Mayfair Entertainment International
8734,Fellowship Adventure Group
2231,Trilogy Entertainment Group
2253,Lawrence Bender Productions
2315,Paramount Classics
749,Christal Films
1159,Argyll Film Partners
1160,Gummshoe Productions
1161,Integrity Partners
1162,Pray For Rain Pictures
750,Ellepi Films
755,Alexandra Films
959,IndieProd Company Productions
11581,Misher Films
20194,Motion Picture JOTA Produktions
11731,Bavaria Film International
44,CruiseWagner Productions
766,Blue Tulip Productions
26265,Ronald ShusettGary Goldman
76068,Digital Image Associates
7430,Fearmakers Studios
1475,UGC Images
1155,Incorporated Television Company
40870,Embassy Films
67888,Feuer and Martin Production A
67889,Polygram Pictures
11844,KaplanPerrone Entertainment
59957,MMCB Film Produktion 2004
14315,Section Eight Productions
70319,Sunset Gower Studios
19813,Flower Films II
1445,GolanGlobus
884,TPS Cinma
2568,Lunar Films
10572,Ce Qui Me Meut Motion Pictures
1204,Ascendant Pictures
1205,Endgame Entertainment
1206,Entertainment Manufacturing Company
21938,Copag V
1584,ITC Entertainment
3537,EK
760,Les Productions Bagheera
15583,P  L
ge Films id 414,Fountainbr
702,3L Filmproduktion GmbH
764,Polaris Film Productions  Finance
765,Tempte Sous Un Crne Productions
2418,Cherokee Productions
2419,KatzkaBerne Productions
18339,EKCorporation
34998,AvnetKerner Productions
2409,Red Lion
11865,Twentieth CenturyFox Productions
88,Hawk Films
762,Mutual Film Company
1151,Diorama Films
1152,Independent Television Service
484,De Laurentiis Entertainment Group DEG
2301,Marvel Productions
2598,Hasbro
3313,Sunbow Productions
20011,SprocketHeads
22826,Hasbro Studios
816,FilmEngine
21962,The Complex Studio
1714,Les Films Concordia
53009,Miramax
1124,PAC
16058,Da Ma Produzione
22665,Victory Film
22666,Story Film
22396,Socit Nouvelle des tablissements Gaumont SNEG
22663,PCM FIlm
768,Ghost House Pictures
773,Film Afrika
1399,Fair Film
4867,Full Moon Entertainment
53460,Fear and Loathing LLC
53461,Shark Productions
774,Valkyrie Films
182,JVC Entertainment
775,Korty Films
4267,Delphi Films
6542,Pricel
12387,Tohokushinsha Film
20637,Commission du Film France
20638,Commission du Film ledeFrance
776,PhalanxJaelem
29076,Solipsist Film
aco id 41658,Res
777,Future Film Group
83,France 2 Cinma
7828,Max Films Productions
987,USA Films
58333,Compulsion Inc
Medien AG id 58334,Splend
1473,Depth of Field
778,Las Producciones del Escorpion
779,Lucky Red
20295,Sociedad General de Televisin Sogetel
349,CruiseWagner Productions
485,Vinyl Films
158,Spyglass Entertainment
41111,Knstlerische Arbeitsgruppe Babelsberg
41112,VEB DEFAStudio fr Spielfilme
783,kahuuna films
692,Sogecine
784,Himenptero
7248,Union Gnrale Cinmatographique UGC
10050,Televisin de Galicia TVG SA
12012,Eyescreen Srl
28812,Filmanova
44224,Egoli Tossell Film
13096,Neue Constantin Film
786,Bizibi
26629,Transfax Film Productions
7110,Les Films Ariane
45693,Cristaldifilm
5266,Robert Goldstein Productions
788,Bel Air Entertainment
789,Pallas Film
790,Samsa Film
791,IPSO Facto Films
792,Radio Tlvision Belge Francophone
533,Janus Films
51861,Dovemead Films
51862,Film Export AG
793,Galate Films
326,Laura Ziskin Productions
592,Claudie Ossard Productions
4411,MMC Independent
23446,Sofica Sofinergie 5
25020,Victoires Productions
30994,Union Gnrale Cinmatographique UGC
799,Carlyle Productions
1043,Revere Pictures
802,Egg Pictures
804,Natural Nylon Entertainment
807,The Harold Greenberg Fund
808,The Movie Network
809,Union Gnrale Cinmatographique
20170,Canadian Television Fund
810,Persistent Entertainment
7965,The Ladd Company
20376,Kalis Productions GmbH  Co Zweite KG
20377,Unfinished Films
2152,GreeneStreet Films
11152,Radical Media
812,Deuce Three Productions
813,DiNovi Pictures
814,Isabella Films BV
986,Degeto Film
1711,Ognon Pictures
11499,Alan Young Pictures
12023,Nederlandse Programma Stichting NPS
12927,Canal Television AB
23207,Invicta Capital
25491,Edith Film Oy
53874,Sigma Films
55428,Manderlay
817,Katalyst Films
6363,BenderSpink
12200,Province of British Columbia Production Services Tax Credit
5612,Brooksfilms
1171,Epsilon Motion Pictures
32598,Tango Films
32599,My Cactus
8880,Winkler Films
lit Productions id 147,F
818,Gimages 5
820,Tapson Steel Films Productions
3086,Image Entertainment
824,Kopelson Entertainment
4588,Egmond Film  Television
10926,Pacifica Film
54997,WR Universal Group
19501,Noble House Entertainment Pictures
828,Ultra Films
11473,AJOZ Films
11353,BH Finance CV
830,Senator International
4154,Colombia Pictures
4710,Fellah Pictures
2617,Ozla Pictures
11341,Stage 6 Films
10881,Bernd Eichinger Productions
ay Film Productions Ltd id 76206,Hol
7419,Scion Films
33680,Blue Sky Films
836,Elzvir Films
837,O  O  O Productions
224,Wega Film
81,Plan B Entertainment
539,Block 2 Pictures
540,Jet Tone Production
839,Lou Yi Inc
7428,Meno Films
9209,MK2 Productions
45194,Rodriguez International Pictures
847,Banque Populaire Images 6
848,Cofimage 16
849,Cofinova 2
852,mementoFilm
853,Respiro
854,Sofica Europacorp
855,Titti Film
4650,Marubeni
os Interactive id 19105,E
14362,October Pictures
19238,Two Brothers Productions
844,Sofica Valor 6
845,Sogcinma 2
842,GreeneStreetSKE Films
2396,Finnish Film Foundation
49,El Deseo
77,Milestone Productions
846,2929 Productions
951,Burskin Film
8277,Flach Film
11246,Rgion IledeFrance
324,Flach Films
204,Wste Filmproduktion
857,Julian Blaustein Productions
5545,Mobra Films
35020,Mindshare Media
69462,Centrul National al Cinematografiei CNC
73925,McCannErickson
73926,Televiziunea Romana TVR1
73927,Hubert Bals Fund of the Rotterdam Festival The
Dreams id 860,Cellulo
861,Visual Arts College
312,Soficinma
862,The KennedyMarshall Company
23677,Fondation GAN pour le Cinma
62546,247 Films
84592,French Connection Animations
84593,Socit des Producteurs de LAngoa
863,Mantarraya Producciones
864,No Dream Cinema
865,Motel Films
1997,Banques Populaire Image 7
11433,CRRAV Nord Pas de Calais
11434,Rgion NordPasdeCalais
1760,Dorje Film
2406,Filmfrderung Hamburg
4247,Filmfrderungsanstalt FFA
7201,Norddeutscher Rundfunk NDR
75411,BKM
75412,Kulturelle Filmfrderung SchleswigHolstein
75413,nordmedia Fonds GmbH
868,Cinema Service
858,Tessalit Productions
4298,Remstar Productions
16850,ApolloMedia Distribution
16921,Kismet Entertainment Group
18516,Seven Arts Films
869,Dee Gee Entertainment
870,Tapestry Films
34207,Prufrock Pictures
65403,IMF Internationale Medien und Film GmbH  Co Produktions KG
467,Renaissance Pictures
872,George Street Pictures
873,The Lloyd Segan Company
271,Mainstream SA
20777,British Screen Productions
31080,Polygram Filmed Entertainment
879,Out of the Blue Entertainment
347,Centropolis Entertainment
9269,Global Entertainment Productions GmbH  Company Medien KG
11027,Stratus Film Co
26947,Syndicate Films International
26948,Equity Pictures Medienfonds GmbH  Co KG II
26949,Hostage GmbH
18,Gracie Films
883,Les Productions du Champ Poirier
63893,Tlma
120,Scorsese Productions
887,Neo Productions
888,Overseas FilmGroup
19507,Outlaw Productions I
67823,Star Partners
141,Vra Films
144,Fono Roma
534,Filmsonor
11788,Compagnie Industrielle et Commerciale Cinmatographique CICC
902,AZL Productions KG
Brown Productions id 903,Dav
904,MFP Munich Film Partners
905,Phase 1 Productions
906,Revelations Entertainment
10355,Spelling Films
12485,Overbrook Entertainment
19354,Mediastream Vierte Film GmbH  Co Vermarktungs KG
19355,Canlaws Productions
910,MFA Filmdistribution
914,Filmladen
564,Industrial Development Corporation of South Africa
2760,Miracle Pictures
7495,Sixth Sense Productions
11912,Mikado Film
e Track Films id 19834,Ins
915,Hollywood Pictures
916,The Charlie Mopic Company
335,Tig Productions
10157,Beacon Pictures
18619,Cobalt Media Group
921,Next Wednesday Productions
922,SenArt Films
10103,Via Rosa Productions
13816,Hyde Park Entertainment
76083,UGC DA International
19097,Junction Entertainment
20987,Balboa Entertainment
175,Caravan Pictures
3638,The Jacobson Company
22103,Red Horizon Productions
51772,Nine Yards Productions
53013,Rational Packaging Company
53014,Lansdown Films
928,Catalyst Films International
929,Fuji Eight Company
930,Lone Star Corporation
9076,Seed Productions
10893,Big Screen Productions
10370,Spectacle Entertainment Group
21438,Nightfall Productions
931,HAL Films
36907,Hilary Henkin
934,Cutting Edge Entertainment
935,Golden ParaShoot Entertainment
278,Propaganda Films
924,The TurmanMorrissey Company
925,Nu Image Films
938,First Floor Features
3468,Hal Wallis Productions
1164,City Heat Productions
34206,Sagg Main Productions
5484,Winters Hollywood Entertainment Holdings Corporation
13980,Jack Cummings Productions
3418,Famous Films II
22847,International Film Corporation
13723,Bruce Brown Films
958,Japan America Picture Company
506,Newmarket Capital Group
ePerry Productions id 3169,Z
960,LA Films
8812,Channel Productions
11043,AM Films
402,Luna Filmproduktion
480,Tobis
963,Destiny
943,Les Films de la Suane
944,Le Film
4164,Square USA
20033,Chris Lee Productions
964,Keith Barish Productions
965,TAFT Entertainment Pictures
333,Original Film
966,Monarch Pictures
50286,Broth Film
2428,Wolper Organization
10288,Don SimpsonJerry Bruckheimer Films
8848,MHF Zweite Academy Film
23787,Eclipse Catering
51771,Nine Yards Two Productions
16061,Baltimore Spring Creek Productions
18990,Radiant Productions
4864,George Pal Productions
40552,Galaxy Films Inc
3302,Harbor Productions
972,Current Entertainment
973,Immortal Entertainment
73954,Quality Growth International Ltd
974,Five Mile River Films
975,Gerber Pictures
976,Marvin Worth Productions
Television id 977,Splend
978,Across the River Productions
979,Woods Entertainment
981,Televisin Espaola
982,Road Movies Dritte Produktionen
983,Parallax Pictures
984,Institute of Culture
985,Filmstiftung NRW
427,PSO International
991,Totally Independent
1053,Got Films
64651,Saw 2 Productions
992,ApolloProScreen
8263,EMI Films
993,Wildstreet Pictures
12552,Marty Katz Productions
14024,Irwin Allen Productions
19902,Prelude Pictures
30253,Saltire Entertainment
11626,Tango Film
79401,Windsor Productions
10320,Carolco Entertainment
996,Pearl Pictures
997,Still Productions
4790,IMA Productions
988,Kojo Pictures
28640,M2 Entertainment
998,Royal Film
1002,Eureka Pictures
1003,Filmkameratene AS
12178,Red Hour Films
1280,Pacific Western
3952,Hemdale Film
4764,Cinema 84
7745,Euro Film Funding
1005,Sweetwater
989,Four Square Productions
1010,Marimark Productions
2410,Filmes
10786,Capitole Films
1012,Parabolic Pictures
1013,Stable Way Entertainment
1014,Target Media Entertainment
3801,VIP 2 Medienfonds
10760,VIP 1 Medienfonds
1016,Mans Films
1017,Hairy Productions
602,DEFA
69770,DEFAStudio fr Spielfilme
87970,Gruppe Johannisthal
1088,Alcon Entertainment
4741,Nu Image Entertainment GmbH
10885,Equity Pictures Medienfonds GmbH  Co KG III
10886,16 Block Productions
27023,Kestrel Films
78875,Earth Girls
1011,Michael Obel Productions
50,Deutsche Vereinsfilm AG
51,Fox Europa Produktion
1553,Selznick International Pictures
55767,Knstlerische Arbeitsgruppe Berlin
52,Film Polski Film Agency
6804,Zespl Filmowy X
1023,Nelvana Limited
58248,Unfaithful Filmproduktion GmbH  Co KG
2743,Astral Media
11550,Corus Entertainment
16880,Shine Pictures
20244,Kudos Film and Television
10598,Costa do Castelo Filmes
33027,House of Spirits Film
54,The Independent Film Channel Productions
19704,Wolper Productions
95356,Stax Records
16814,Sddeutscher Rundfunk SDR
29165,Rialto Film
33352,Trio Film
67081,Laura Film
1031,Filmazure
1032,Pirol Stiftung
1033,Victoires International
20569,Michael Phillips Productions
1938,Scholastic Productions
1039,Channel One Russia
1040,TABBAK
5374,Marv Films
23420,Vaughn Productions
25358,Krane Entertainment
38005,Neufeld Rehme Productions
21451,American Entertainment Partners II LP
1037,Les Films du Livradois
11576,Ontario Media Development Corporation OMDC
66078,Gang of Two Productions
1049,Kasander Film Company
LaChapelle Studios id 1050,Dav
1051,HSI Productions
1052,Darkfibre Entertainment Ltd
1370,Castel Film Romania
10230,Blue Wolf
22684,Kasso Inc Productions
82,Renn Productions
3592,Warner Bros Family Entertainment
8816,Northern Lights Entertainment
e Seats Productions id 55527,Courts
20360,Internationale Filmproduktion Blackbird Erste
7786,FilmWorks
20665,4M
20666,MID Foundation
2265,ShangriLa Entertainment
11395,ImageMovers
24955,Paramount Animation
1062,Boll Kino Beteiligungs GmbH  Co KG
1063,Brightlight Pictures
1064,Herold Productions
598,Team Todd
1046,Prime Film Productions LLC
1047,Younger Than You
1072,Mysterious Arts
14150,Orion Pictures Corporation
13,Universal Studios
2226,Media 8 Entertainment
2324,Empire Films
2959,Alla Prima Productions
2960,Brushwork Pictures
5283,KoBura Film
25125,Ministerstvo kultury Rossiyskoy Federatsii
25126,Studiya dokumentalnykh filmov SanktPeterburga
41762,Kinokompaniya NonStop Prodakshn
14772,Warner Bros Home Entertainment Group
1074,Cofimage 9
79076,Studio Image 4
1080,Beta Film
1081,CBS Television
e id 1082,Lux V
1084,Colonia Media
1085,FilmInterest
1075,Europa Corp
1076,Apipoula
55,Decla Film Gesellschaft Holz  Co
1087,Aurora Productions
1153,Act III Communications
90896,The Body
90897,Act III
3800,Sunlight Productions
11708,Madison 23
1092,Mockingbird Pictures
41251,Reveal Entertainment
39250,House  Moorhouse Films
1094,Homerun Productions
1095,Portman Entertainment Group
1096,Rich Pickings
1097,Sky Pictures
1098,Wave Pictures
1099,AJYMFilms
10211,Alfran Productions
1121,Price
11982,Ashton Productions
1992,La Petite Reine
1994,Tri Pictures
1995,Sorolla Films
1996,Novo RPI
8676,uFilm
11921,Le Tax Shelter du Gouvernement Fdral de Belgique
20409,Les Editions Albert Ren
59,A Band Apart
39121,Super Cool ManChu
536,The Coppola Company
4198,Ixtlan
68551,J D Productions
13579,George Stevens Productions
1147,Madeleine Films
2479,Myung Film Company
9974,Instituto de la Cinematografa y de las Artes Audiovisuales ICAA
32718,Departamento de Cultura del Gobierno Vasco
82310,Idea
37892,Keystone Entertainment
38303,Cine Cut Films Inc
12292,Temple Hill Entertainment
22058,Krisjair
22059,Laredo
5888,Walt Disney
11440,Ozumi Films
11441,Propeler
11442,Silverbell Films
472,Soprofilms
17873,Les Productions de la Guville
567,Office Kitano
568,Saito Entertainment
569,Tokyo FM Broadcasting Company
570,Bandai Visual Company JAPAN
1131,Rizzoli Films
52795,HarrisKubrick Productions
16320,Animatgrafo
21108,Fernando Trueba Producciones Cinematogrficas
1044,Franton Production
Atlantic Films id 2735,M
e Ltd id 49243,The Princess Br
49244,Buttercup Films Ltd
1522,Neal Street Productions
19934,Motion Picture KAPPA Produktionsgesellschaft
165,Steen Herdel Filmproduktion
7383,KennedyMarshall Company The
7384,Hypnotic
11346,Motion Picture THETA Produktionsgesellschaft
11347,Ludlum Entertainment
11348,Motion Picture BETA Produktionsgesellschaft
11349,Bourne Again
1139,Heron Film Productions
1140,Dare mo Shiranai Seisaku Iinkai
1141,Engine Films
1142,cstyle
L Wolper Productions id 3434,Dav
516,Seven Arts Productions
1216,Dino de Laurentiis Cinematografica
49775,Thalia AG
26194,FR3 Films Production
93494,Conseil Rgional de Haute Normandie
93495,Le Club des Investisseurs
93496,Credit Lyonnais
93497,Conseil Gnral de lEure
68,Big Primate Pictures
69,MFPV Film
65,Ulysse Production
66,Town
67,Unitec Films
675,Forward Pass
355,RP Productions
6732,Runteam III Ltd
3760,King Brothers Productions
19760,Roberts Pictures Inc
3922,A Film
14606,Tornado Film
ecom id 14607,Fors
14608,Twin Co Ltd
14610,Earl Grey Film
3923,Strand Releasing
4868,Asahi Broadcasting
6516,Tokyo FM Broadcasting Co
7542,Yahoo Japan
9177,Eisei Gekijo
11726,The Yomiuri Shimbun
11846,Hakuhodo DY Media Partners
4415,Corn Cobb Productions
15342,Fifth Avenue Entertainment
4416,Park Avenue Productions
15343,Trans Atlantic Entertainment
3201,Merlin Films
er Pictures id 2623,Blue R
2811,Neo Art  Logic
19576,Creepersin Films
7173,Five Stars Production Company
9142,Five Star Production Co Ltd
79086,THA Film Factory
4419,Creative Light Entertainment
4421,World Production
4448,Grandon Productions
12190,Buster Keaton Productions
1785,Likely Story
4482,Ivy Boy Productions
10059,This Is That Productions
31465,Chosen Film Company
10031,Morena Films
50800,Pentagrama Films
71379,Media Produccion
5296,Hugo Haas Productions
4424,Smokewood Entertainment Group
8855,Boy of the Year
10535,All Girl Productions
27128,The Bubble Factory
4313,AVRO Television
30636,Bos Bros Film  TV Productions
72,Valoria Films
15957,Roy Del Ruth Productions
4878,Virgin Vision
23915,RVP Productions
23916,A Don Boyd Production
24257,Amalgamated Film Enterprises
1460,Loews
6246,Medusa Film
12807,Overture Films
4206,BaaRamEwe
7726,Sahamongkolfilm International
1398,Les Films Corona
16854,Orion Films
11707,Vic Films Productions
10778,Joseph Hamilton International Productions
6131,SKM
4713,CMC Entertainment
14688,Alicia Produce
446,Thinkfilm
34842,Seventh Picture Productions LLC
14069,Hope Enterprises
42203,New Films International
66848,Filmov studio Barrandov
45725,MetroGoldwynMayer
37668,Screen Plays
2224,Plum Pictures
62329,GWS Media
908,Mystery Clock Cinema
8724,Australian Film Finance Corporation AFFC
4434,Green Moon Productions
36920,Maestranza Films
547,Open City Films
16124,Columbia British Productions
3102,Renaissance Films
14161,Kanzaman MDA Films SL
1168,Novo Arturo Films
1169,RF2K Productions
1170,Turkhoise
2395,HanWay Films
10001,Andy Warhol Productions
6355,Silverstar Ltd
6853,Kaijyu Theater
91181,Tres Malandros
1801,Rene Clair Productions
87986,rusty bear entertainment
87987,lucky crow films
15,Lama Films
5922,Nicetop Independent
5923,Nicetop Independent Ltd
14249,Motion Picture Investors
13433,Seasonal Film Corporation
37152,Gold Label Entertainment
37153,Neway Star Pictures
93492,Permacology Productions
2343,Red Chillies Entertainment
4450,Foxstar
11490,Pennebaker Films
11491,Are You Experienced
1826,Play Art
5349,Productions Cyme
13715,Mondial
3095,Whitewater Films
11201,Rafter H Entertainment
Foster Productions id 496,Dav
4456,Ruff Nation Films
4535,Vista Organization
100,Avon Production
1173,Shopgirl
477,Hughes Entertainment
18039,Scimitar Films
2365,Capital Arts Entertainment
6956,Lucky UKFS
7817,Defender Production
7818,Frame Werk Produktion GmbH  Co KG
34999,Bauer Martinez Studios
35002,Lucky 7 Productions LLC
3470,Stone Group Pictures
19474,Epico Productions
50289,Horned Toad Productions
89313,GruskoffLevy Company
89314,ML Film Entertainment International
2476,Carlton America
70230,Harpo Productions
19104,M
4357,The GuberPeters Company
12180,Warp Films
4463,Talent House
22761,Produire  Paris
22763,Tlgraphe
6583,Reliance Big Pictures
35831,Shaboo Arts
5328,Ivan Tors Productions
13913,Joseph M Schenck Productions
19598,Art Cinema Corporation
4927,EagleLion Films
13479,Edward Small Productions
14718,Radar Pictures
10470,Chris Montan Productions
10471,Columbia TriStar Television
8808,McElroy  McElroy
22040,UAA Films
22041,Western Film Productions
12161,Ashdown Film Productions
2532,Batjac Productions
3060,Soudaine Compagnie
15124,Associated Capital
15125,Capital Equipment Leasing
10214,Embassy International Pictures
1174,Delphi V Productions
1175,Frostbacks
14091,Arcola Pictures
65402,JLT Productions
5356,PierceWilliams Entertainment
5357,Zero Gravity Management
1176,Lorimar Film Entertainment
3052,Troma Entertainment
7038,Quad Productions
3047,Dead Gentlemen Productions
17662,Samuel Fuller Productions
4473,Spanish Fork Motion Picture
7046,Paris Film
11018,Penta Pictures
31014,SpyChimp Productions
31015,Keystone Family Pictures
21221,Evolution Film  Tape
15580,Galaxy Pictures Inc
272,Spelling Entertainment
1930,IRS Media
1569,Yash Raj Films
4476,Mililifilms
25562,Novem
25563,Indie Dandy Productions
3857,Fireworks Pictures
19578,Momentum Pictures
10463,LevyGardnerLaven
60535,Rhodes Pictures
14619,Armenfilm Studios
14830,Oakmont Productions
25065,VUFKU
1950,New World Pictures
4747,Freak Show Entertainment
1978,Global Pictures
4491,Avventura Films
4492,PC3A9riphC3A9ria
4493,Tlvision Suisse Romande
4495,REF Productions
4496,Les Films Number One
11134,Iguana Producciones
5126,Beyond Infinity
8443,Gaucamolle Pictures
8444,Phantom Productions
34469,Silver River Productions
4502,A B Corp
2577,Studio 37
11564,Versus Entertainment
11566,Dark Trick Films
1115,M6 Films
11261,M6
34774,W9
10723,American Documentaries Inc
10724,Kenneth Lauren Burns
eo id 10726,TimeLife V
14389,Burroughs Productions Inc
10170,Cinemarque Entertainment
4506,Kasander  Wigman Productions
4507,Alpha Films
4508,Nederlands Fonds voor de Film
53268,Woodline Films Ltd
16647,CineSon Entertainment
57939,Plutonium Production Limited
16379,Northshore Investments Ltd
66256,Grossbart Barnett Productions
21712,Cannon Italia Srl
178,Ghoulardi Film Company
84361,Pas de Quoi
4519,alta vista productions
4820,Alta Vista Productions
10227,Mandeville Films
59952,Morra Brezner Steinberg and Tenenbaum Entertainment MBST
59955,Burro Productions
1181,Telespan 2000
1182,Telecinco
31123,Euskal Irrati Telebisa EITB
57380,Mama Films
1519,AB Producoes
10164,Popaganda Films
31183,BBC Two
8658,Rialto Films
14309,CIP Filmproduktion GmbH
2525,Avalanche Productions
11289,Oscar Lewenstein Productions
40806,Chartwell
40807,Francoise
1949,DotyDayton Production
29393,Lion Films
12355,Vulcan Productions Inc
2102,Frankovich Productions
4526,Ensueo Films
17,Warner Bros Entertainment
4529,Alba Cinematografica
4530,Estela Films
4531,Films Dara
12918,Greenpoint Films
4532,Superior Pictures
4534,Hong Hwa Motion Picture Company
1163,Larger Than Life Productions
14786,AARU Productions
night Picture Show id 22056,M
46382,Essential Entertainment
10696,Malabar
109,Rome Paris Films
2184,TollinRobbins Productions
4597,Goodtimes Enterprises
1188,William Dozier Productions
1189,Greenlawn Productions
16550,Nordic Screen Production AS
16551,Norsk Filminstitutt
4542,Agamemnon Films
6189,Turner Pictures I
19980,British Lion Film Corporation
68167,Les tablissements BraunbergerRicheb
4541,Raybert Productions
11371,Palomar Pictures II
4546,Superstitious Entertainment II
5774,Film Duemila
5775,Federiz
10999,Twentieth Century Fox Home Entertainment
2188,Artisan Entertainment
4555,Interstate 5 Productions
551,Mandalay Pictures
23310,Karol Film Productions
4559,Zopix Company
18881,Spelling Films International
22136,Murder Inc
4194,Karz Entertainment
4561,Cohiba Pictures
8953,Miroir Magique
4562,Cell
4563,Oz Company
eo Company id 9221,Toei V
7832,CiBy 2000
7302,Filmax Entertainment
62628,Filmax Animation
s Productions id 62629,Animak
46012,ZeitmanLandersRoberts Productions
20260,EMI Television
81475,VIC Productions
1194,Kadokawa Shoten Publishing Co Ltd
1195,Omega Project
11276,United States Pictures
4565,Filmhaus
4569,Paws
3333,Enterprise Productions
12236,Blinding Edge Pictures
4573,Castel Film Studio
11983,Formosa Productions
4574,Dark Horse Indie
4575,Vivendi Entertainment
8857,Independent Film Channel IFC
6303,Rakontur
4579,Tigon British Film Productions
21719,Chilton Films
73345,Collier Young Associates
4581,Dovzhenko Film Studios
6337,Main Street Movie Company
4585,
4586,Aspiration Films
4587,Allied Stars
208,Bac Films
19289,Les Productions JMH
95810,Antelope Films
95811,National Studio Limited Katmandu
4593,Artists Alliance
21703,Top Line Production
29110,Filmco International Productions
22814,Falcon International Productions
1130,The Rank Organisation Film Productions
6196,Carnival Films
73571,Victor  Edward Halperin Productions
4610,Alumbra Films
4611,Grow Pictures
4612,Scheherazade
67992,Cornelius Productions
18507,Metro Film
36913,Max Film
10906,Les Films Impria
10907,Les Productions Georges de Beauregard
1167,Phalanx Productions
47853,FilmaCass
75290,ArtCam
75291,Geopoly
6082,Filmirage
1235,Neue Visionen
37663,E  R Productions Corp
11332,La SeptArte
30576,Ima Films
6068,HBO
84087,Joseph Cates Productions
1252,Xian Motion Picture Company
6428,Loma Vista Productions
6429,Castle Hill Productions
4288,Madhouse
11376,NHK Enterprises
15505,NHK
20206,Shelty
13751,Los Altos Productions
3214,Daiei Motion Picture Company
15846,Dimitri Villard Productions
23564,Jeff Franklin Productions
12800,Ego Film Arts
24725,Ontario Arts Council
24726,Canada Council for the Arts
63713,Tesela PC  Impala
5773,Synthetic Fur Productions
45494,Korean Film
24373,Delphi Productions
24374,Zone Productions
159,Shady Acres Entertainment
4171,Playtone
1634,Truenorth Productions
5677,Flavor Unit Entertainment
4624,Immortal Thoughts
22712,Three Good Men
7196,Lube
553,Barclays Mercantile Industrial Finance
56519,Red Stripe
27110,Beyond Productions
75232,Mifune Productions Co Ltd
5235,Hunt Stromberg Productions
4651,
38100,Tristone Entertainment Inc
84815,M Company
5609,3b productions
11694,Ministre de la Culture de la Republique Franaise
38038,Pictanovo NordPasdeCalais
48368,CRRAV
87493,Norfilm
302,Ibermedia
6458,Instituto Nacional de Cine y Artes Audiovisuales INCAA
44709,Cuatro Cabezas
74894,Estudios Darwin
74895,Romikin SA
74896,Patricio Tobal
74897,Editorial Capayn
74898,Fundacin Octubre
74899,Mandarin Films SA
74900,Punto BSRL Planificacin y Medios
74901,Taxi Films
8210,M6 Mtropole Tlvision
27807,Image et Compagnie
113,AB Svenska Ord
115,AB FilmTeknik
49755,Apollo Films
1951,Aspen Film Society
19231,Patalex III Productions Limited
15856,BischoffDiamond Corporation
18655,Morning View Films
1183,Impala
2956,The Geffen Company
4420,Clemi Cinematografica
6087,Conquest Productions
6088,Esme
6089,Golden Sun
15747,Michael Laughlin Enterprises
16185,PDP Productions
61915,Vics Flicks
5087,Scotti Brothers Pictures
eo Entertainment IVE id 49915,International V
4648,LevinsHenenlotter
16636,ShapiroGlickenhaus Entertainment
8425,Marvin Schwartz Productions
1199,Running With Scissors
4658,Ace Deuce Entertainment
116,Cameo Film und Fernsehproduktion
117,Kunsthochschule fr Medien Kln KHM
4662,Cinemancer Pte Ltd
255,Paradis Films
354,Orly Films
1179,Cin Cinq
1180,La Gnrale dImages
12965,Investimage 3
25023,Sofinergie 2
84953,Club des Investissments
84954,Sofica Sofinergie
89638,Marine 2 Productions
4663,Key Plus Pictures
14280,APix Entertainment
4665,Addis Wechsler Pictures
22950,Production Concepts Ltd
22951,Today Productions Inc
8972,Prommitr International Production
16323,20th Century Fox Television
678,Turner Network Television
77890,Bernard Woolner Productions
4672,Marble Hall
4674,The Film Company
30966,Stimuleringsfonds Nederlandse Culturele Omroepproducties
30967,ElsevierVendex Film Beheer
30968,Allarts Production
61092,Wellborn
55072,Strong HeartDemme Production
4677,Charter Entertainment
1200,Film Trustees Ltd
1201,Naked Lunch Productions
22210,Ontario Film Development Corporation
88919,Nippon Film Development and Finance
88920,Pierson Heldring  Pierson NV
1400,Labrador Films
3570,Seda Spettacoli
4784,TerraFilmkunst
93224,Milestone FIlms
4051,Warner BrothersSeven Arts
20917,Better Than
20919,France Tlvision Distribution
20920,Meercat Films
20922,New Vision Films
4172,CinGroupe
62950,Gregorian Films
e Media id 21097,Worldw
16718,No Limit Films
40648,Shooting Star Pictures
11446,Lereby Productions
77413,Santa Fe Productions I
1210,Sveva Film
1380,Australian Film Finance Corporation
2806,South Australian Film Corporation
e id 8081,Last R
15089,Talk Films
67171,New Redemption Pictures
4905,Paragon International Pictures
13088,Productions Enterprises Inc
1219,Baby Cow Productions
7981,Path
31789,Goldwyn Pictures Corporation
33014,Eminent Authors Pictures Inc
es Cinematografica id 12111,V
1567,Fons Rademakers Produktie
73770,Bare Bones Productions
1113,Les Films 21
1565,Avery Pix
267,Beverly Detroit
8856,Intermedia
23227,Magnet Productions
12199,Madhouse Entertainment
25755,Donau Filmproduktion
4692,Instinct Entertainment
2491,Artfilm
121,Y3 Film
124,Sdwestrundfunk
1222,Carlyle Blackwell Productions
33453,Chaotic Rampage American Pictures
66728,Rajshri Productions
3920,Leone Film
4698,Cinema West Productions
18665,Project 8 Films
18666,Cold Fusion Media Group
18667,Parallel Media
18668,Voodoo Production Services
612,Artists Entertainment Complex
461,Les Films Christian Fechner
47687,Population 1280 Films
3283,ACH
3284,Regent Productions
3285,Christopher Filmcapital
95594,Train A Comin Productions Inc
9240,Hispamer Films
9241,Leo Lax Production
9242,Ydex Eurocin
7733,Laurinfilm
7734,Subterranean Productions LLC
7735,Subterranean Productions UK Ltd
7736,Underworld Produktions GmbH
2200,Liveplanet
17741,Cinecompany
25151,Magdalena Produzione
1369,Full Moon Pictures
15627,Big City Pictures
4921,Bakshi Productions
4704,Four Crown Productions
8979,Illustrated Films LLC
4705,Arkoff International
5072,Twins Japan
7549,Kansai Telecasting Corporation
10253,Samuel Bronston Productions
1215,Boogui Cinema
13866,The Caddo Company
11601,Silver Lion Films
38209,Toron Screen Corporation
89445,Independent Film Centre
1824,Gravier Productions
1766,Dieter Geissler Filmproduktion
1979,Cinevox Filmproduktion GmbH
2487,Rockwell Eyes
5897,Toho
14112,Intertamar
14113,Trenchard Productions
56290,Persistence of Vision Productions
40417,Rigel Independent Entertainment
40418,Catalyst Entertainment Production
40419,Durrant Fox Productions Inc
47440,Ventura Valley Films
47441,Just Singer Entertainment
4721,civilhand
897,Taurus Films
10492,WNET Channel 13 New York
26769,Battletruck Films Ltd
7154,One Race Films
25818,Ministre de la Culture et de la Communication
28410,TIFA
61201,Anna Sanders Films
61202,Kick the Machine
75515,French Ministry of Foriegn Affairs
78242,New Crowned Hope
eo id 3487,Universal Home V
ent Films id 3291,Prov
36108,Ruckus Films
71808,Cedar Partners
26663,Zoetrope Studios
61409,T2 Productions
1239,Aichi Arts Center
1240,Film Bangkok
1241,Five Star Production
1243,Arena Films
8138,Vega Film
85,Konrad Pictures
11241,The Mirisch Company
1232,2003 Productions
20346,Rgion Bretagne
76911,Rgion PoitouCharentes
19936,Second Mate Productions
1312,The Mount Company
